display,kana
サイドステップ,さいどすてっぷ
体験期間,たいけんきかん
中枢神経,ちゅうすうしんけい
乳しぼり体験,ちちしぼりたいけん
コートジボワール,こーとじぼわーる
我田引水,がでんいんすい
ドラッグ＆ドロップ,どらっぐ＆どろっぷ
虻蜂取らず,あぶはちとらず
ちょっと待って！,ちょっとまって！
夏の大三角,なつのだいさんかく
サイコパス診断,さいこぱすしんだん
トップバッター,とっぷばったー
チュートリアル,ちゅーとりある
柔術家,じゅうじゅつか
ストップウォッチ,すとっぷうぉっち
獅子座流星群,ししざりゅうせいぐん
電動自転車,でんどうじてんしゃ
アンガーマネジメント,あんがーまねじめんと
ポートフォリオ,ぽーとふぉりお
とんかつ定食,とんかつていしょく
ご本人登場,ごほんにんとうじょう
順風満帆,じゅんぷうまんぱん
晴れのち曇り,はれのちくもり
クエン酸配合,くえんさんはいごう
株主優待券,かぶぬしゆうたいけん
情報リテラシー,じょうほうりてらしー
ちゃうんちゃう？,ちゃうんちゃう？
スイートポテト,すいーとぽてと
利用者の声,りようしゃのこえ
茄子の煮びたし,なすのにびたし
労働基準法,ろうどうきじゅんほう
ヴィンテージ加工,ゔぃんてーじかこう
煙突のついた家,えんとつのついたいえ
コーヒーより紅茶,こーひーよりこうちゃ
月見とろろそば,つきみとろろそば
最高気温３８度,さいこうきおん３８ど
熱い声援,あついせいえん
正直ベース,しょうじきべーす
連絡待ってるよ！,れんらくまってるよ！
エックス線検査,えっくすせんけんさ
最高機密,さいこうきみつ
地図が読めない,ちずがよめない
肩たたき券進呈,かたたたきけんしんてい
寝る子は育つ,ねるこはそだつ
いつ見てもキレイだな,いつみてもきれいだな
諦めたら駄目,あきらめたらだめ
コンピューター,こんぴゅーたー
杏仁豆腐,あんにんどうふ
国立図書館,こくりつとしょかん
テレビのリモコン,てれびのりもこん
大将のおすすめ,たいしょうのおすすめ
日焼け止めクリーム,ひやけどめくりーむ
ホッと一息,ほっとひといき
リトマス試験紙,りとますしけんし
華の金曜日,はなのきんようび
ピーナッツバター,ぴーなっつばたー
松明の明かり,たいまつのあかり
血に飢えた獣たち,ちにうえたけものたち
来世は虫が良い,らいせはむしがいい
明日天気にな～れ,あしたてんきにな～れ
ニンニク入れますか？,にんにくいれますか？
快方に向かう,かいほうにむかう
夕張メロン,ゆうばりめろん
野放しにするな,のばなしにするな
食器用洗剤,しょっきようせんざい
ブルータス、お前もか,ぶるーたす、おまえもか
ずっと好きだったのに。,ずっとすきだったのに。
立つ鳥跡を濁さず,たつとりあとをにごさず
公務執行妨害,こうむしっこうぼうがい
フリーダイヤル０１２０,ふりーだいやる０１２０
因幡の白兎,いなばのしろうさぎ
大盛り無料,おおもりむりょう
ノールックパス,のーるっくぱす
みどりの窓口,みどりのまどぐち
みんな友達,みんなともだち
這う這うの体,ほうほうのてい
装備していくかい？,そうびしていくかい？
パスワードを忘れた,ぱすわーどをわすれた
レジ袋有料化,れじぶくろゆうりょうか
高輪ゲートウェイ,たかなわげーとうぇい
二度漬け禁止,にどづけきんし
鬼は外、福は内,おにはそと、ふくはうち
行き場のない怒り,いきばのないいかり
良い子はマネしないでね,よいこはまねしないでね
溜飲を下げる,りゅういんをさげる
緑黄色野菜,りょくおうしょくやさい
有機剥き栗,ゆうきむきぐり
アフタヌーンティー,あふたぬーんてぃー
ひよこ鑑定士,ひよこかんていし
竜の逆鱗,りゅうのげきりん
ポルターガイスト,ぽるたーがいすと
斬り捨て御免,きりすてごめん
学校の七不思議,がっこうのななふしぎ
高度経済成長,こうどけいざいせいちょう
東洋の魔女,とうようのまじょ
大は小を兼ねる,だいはしょうをかねる
良くも悪くも,よくもわるくも
料理のさしすせそ,りょうりのさしすせそ
長所と短所,ちょうしょとたんしょ
そんな馬鹿な！？,そんなばかな！？
